,r_mopac_Alpha_LUMO_Energy,r_mopac_Alpha_SOMO_Energy,r_mopac_Dipole_X,r_mopac_Dipole_Y,r_mopac_Dipole_Z,i_desc_Chirality_count,PBF,PMI1,PMI2,FEBc,grupo
0,-3.968,-9.466,0.152708037558651,-38.4074249697839,12.6124798578147,3,0.895308852017969,4811.75986106704,8072.40585537021,-8.6,1
1,-4.063,-9.469,-3.5936739527153,33.1192887792,20.3932919362231,2,0.915579217025738,5008.53313873888,7660.67160998591,-8.9,1
2,-3.965,-9.595,-11.3274103430112,-29.5961641233571,-22.177544475841,1,0.900914612199468,4434.48533318124,21162.2620553925,-6.5,1
3,-2.69,-10.853,3.2460302089797,-9.45473266108299,6.48022587165287,2,1.1411715115357,5285.94142393878,7353.41479075812,-9.2,0
4,-2.561,-10.662,-5.018999959317,-7.40247352068771,-9.6027104131826,3,1.07189683667794,4870.10757739733,8614.70294045861,-10.9,0
5,-2.446,-10.006,-7.64436163291332,-25.274068059392,2.02343824586914,0,0.909484817805065,4593.33738724163,8635.63373570592,-10.5,0
6,-4.04,-9.539,-0.610381901544388,34.8352283917208,-21.0685956585418,2,1.11085483312633,5559.68446390706,15903.6661366488,-7.0,1
7,-2.393,-10.75,-5.06394817425766,-5.30744078740023,-9.61547290284236,2,0.830048578433452,5817.47029914512,12690.6604651917,-10.6,0
8,-3.611,-11.314,1.54377274825453,-5.37172874279904,11.7494680699358,3,0.937120494353552,5674.13516064377,12436.0396964519,-8.9,0
9,-2.656,-10.614,0.774235033777839,-11.7227380248063,12.9477912595209,0,0.835949156652783,5633.23307234849,12846.1084243712,-8.7,0
10,-3.98,-9.523,9.96350011078802,-29.6815783190953,19.9762008318859,0,1.06311721359067,5070.02926862117,7572.89072205427,-9.7,1
11,-4.021,-9.374,-1.53151515023056,-31.90307307881,18.7047343532181,1,0.950432811523812,5758.69904671753,6662.09891295538,-7.3,1
12,-2.508,-9.923,1.5435782977169,-22.9325308517526,-7.99771696065301,1,0.819989852429667,5215.59348073182,12611.9226538721,-9.8,0
14,-2.779,-10.919,2.57965695734847,9.1917026297325,-14.3734440436491,2,0.965427737547786,5036.11248597813,7713.76408600951,-9.3,0
15,-2.724,-9.905,-1.10327517197391,-26.1805343231567,-0.760043925086447,2,0.950307852337951,5911.69394952784,11652.2044416829,-8.5,0
16,-2.38,-10.214,-13.1525969499453,3.49108334624492,-14.5373077127799,2,1.40948382866854,5047.34919962712,8413.64443983828,-9.8,0
17,-3.97,-9.514,-4.749523969914,34.3301149932678,-14.9213842283407,3,0.897647597035143,5569.8305451404,7291.16676876259,-10.3,1
18,-2.724,-9.923,0.29337007779457,23.212040747098,7.954794205786,1,1.02078008197391,4360.95580988171,6772.15732640495,-8.7,0
19,-3.821,-9.361,3.96700488332643,29.563350927484,-21.05185430693,2,1.1421455755332,5528.73695117181,7746.62450335059,-8.4,1
20,-2.787,-11.189,3.22186088213062,-6.14952763895614,11.7874984669725,3,1.33096254776405,5195.97480969449,7712.24821853474,-4.8,0
21,-2.657,-11.185,0.334452794116657,-3.98411024830165,-10.6235098066994,0,1.13827898247071,5016.79287456082,7665.80686832393,-10.8,0
22,-2.624,-10.935,6.06784824478538,9.12468247668771,-15.0705594633576,1,1.43069564177151,5396.68864464964,8198.48515768378,-9.3,0
23,-3.992,-9.593,13.626112683162,-28.8848445075033,15.8002688750844,1,1.16334133691979,5048.31291872933,6572.71206374108,-9.1,1
24,-2.403,-10.056,-1.49104500972763,20.0450376133267,6.92068614788466,1,0.935342743978982,4861.36144984927,8797.79339204488,-11.7,0
25,-2.782,-11.285,-6.50408583054681,-8.68505898149814,12.9901485390689,1,1.51523918476549,5258.45942339878,8012.03695576291,-10.5,0
26,-3.972,-9.605,-2.69283415713689,-34.2982375248134,18.925616940616,1,0.945952378713426,5863.44923358678,6932.80276785363,-8.8,1
27,-4.053,-9.741,-18.6220514091306,24.1653812133585,2.16687678775702,1,1.11654468442815,4799.41557174095,7784.10359974443,-9.5,1
28,-2.921,-11.117,-2.93354746032213,-5.63411264037878,-10.2629241928179,2,0.982762056223458,5328.26741301799,7196.13935007455,-7.9,0
29,-3.962,-9.57,-4.55321622713623,-34.0384738263643,17.6424391197539,2,0.932601955641006,4703.21673210952,8375.1649577358,-11.5,1
30,-4.119,-9.63,7.89401993090173,-36.522520083518,9.79038846838102,1,0.876782909587,5508.68003251765,11802.2244609471,-9.0,1
31,-3.984,-9.475,-4.82593863738155,-32.6488976671243,-25.0960838655213,1,0.880215915289544,5433.71754308933,12105.6753372858,-11.4,1
32,-2.432,-10.839,3.25670599377306,-9.42495310467166,-12.0590039737354,2,0.897723215835703,3722.90633977563,19363.4694520736,-12.2,0
33,-2.86,-11.284,-3.05888251414741,-3.04033472571582,8.14718378904151,2,0.941589569494945,5439.68598658528,11246.3688793426,-9.1,0
36,-3.945,-9.745,-9.12752779228774,-27.9707136139121,21.8072243742962,2,0.854963704073385,5087.64342671153,11979.8063481324,-8.6,1
38,-2.725,-9.936,-1.17438358770612,24.0612018933618,-4.22695562350427,2,0.783601684914933,5729.27026884734,11945.7016296657,-10.6,0
39,-2.709,-11.241,-3.42870427350346,-5.90504558833458,-11.550436700227,1,1.3455034923183,5537.72552922796,8331.62994742215,-8.5,0
40,-2.554,-10.915,-1.12870308435166,-10.3645933642275,-5.80288568682194,1,1.10485111484269,4940.14166524948,7601.47144692338,-4.0,0
41,-4.081,-9.524,1.43388773966649,35.5212618984835,21.2881386665174,0,0.97154556150065,5162.65734250543,8608.13752898169,-9.6,1
42,-3.503,-11.912,-1.65274223449019,0.320504114802328,2.68033460746371,3,0.929093116416335,5923.05576995077,12951.8214864908,-6.2,0
43,-4.026,-9.491,-12.4544414485519,27.9385019914863,22.6762832361316,2,1.00155415554229,4714.72583058743,9063.84945004684,-8.1,1
44,-3.587,-11.7,-2.74361324283585,1.91094121098961,-2.32518185714034,1,0.845390875066448,5722.45108827328,7467.96967344073,-10.2,0
45,-2.806,-11.263,2.25483391884154,-8.25091761253618,-8.51492046922519,4,0.778304961399915,5755.96368335179,13507.0097125713,-11.6,0
46,-3.957,-9.52,12.2082426946598,26.1657168814763,23.7370886774421,1,0.979075405597016,5533.55169736105,7732.18606367489,-8.2,1
47,-2.523,-10.748,-5.03198290520412,9.21102832865773,-0.694627789040603,1,1.40630122885449,5474.46172157106,8850.60890640591,-13.5,0
48,-2.802,-11.192,-2.60257101479682,-6.11901075179782,11.6702022002988,1,1.07191671448843,4831.16636296776,7467.43144712722,-8.9,0
49,-4.13,-9.435,-1.29006470865146,33.4263658862815,29.9877354266147,1,1.15652166492266,3816.89036139836,7930.15311282363,-10.1,1
50,-3.975,-9.668,13.5955797466842,-22.1853951243992,-24.603303184399,1,1.08856949878117,5156.75887126363,7914.24754071121,-8.4,1
51,-4.045,-9.722,0.789270643871357,-26.5368805583612,26.4613219767277,0,0.915132564950219,4938.44059008403,8080.29405212918,-12.2,1
53,-2.915,-11.299,-1.65506297722528,3.68004534337576,10.0346151881086,2,1.46260814121962,3988.62369879079,19127.0587309288,-9.3,0
54,-2.803,-11.137,-4.47025935831455,-10.0884544168394,11.1022527491672,2,1.03201643432615,6020.39629063137,6862.78589570227,-9.7,0
55,-2.392,-10.598,0.286048157050189,-0.5692526831285,-0.854240413806794,2,1.10508900398857,5539.19520836508,6908.76356009798,-9.3,0
56,-4.022,-9.526,-11.5768243914521,-27.488526202675,-20.5054161220173,1,1.06951718195221,5132.16319475499,7738.59218045002,-9.3,1
57,-4.049,-9.644,-3.48815904061606,-35.476477557532,-21.4921489352113,1,1.01379023249946,5080.90756575665,7268.57561913183,-10.2,1
58,-2.645,-10.514,-3.35741421266368,12.2304048263991,3.14213985233409,2,0.918843210628239,5856.2424645788,8056.01436973878,-10.0,0
59,-4.009,-9.518,-19.8883176541943,-26.7606527290333,-22.3853837375187,1,0.914268564109091,5886.39905169201,7707.93020089635,-8.2,1
60,-2.469,-10.88,-3.65712285278423,-6.52475441868835,5.52438784277802,2,0.96515911794683,4998.33091890582,8566.49472378435,-10.4,0
62,-2.253,-10.735,-3.30848206436617,-8.85307627873768,7.20181631933901,2,1.34660081153477,5351.88034001887,7432.12908601557,-11.9,0
63,-2.742,-11.429,-5.8120169318243,-3.60274895860492,-14.3705414424507,2,1.12962580788932,5638.21415894797,7092.1388638192,-11.6,0
64,-4.099,-9.55,-6.63896245186396,-34.648136332067,-18.9165344354071,2,1.07289233360304,4977.55432388701,7242.55101112787,-12.2,1
65,-2.906,-11.202,1.0634236285789,-2.35385882006972,-11.8453682831427,2,0.906251184155378,5113.0112442837,7835.4737455534,-8.5,0
66,-2.683,-10.901,2.81163648649809,1.37413724053272,-8.02688763580821,0,1.38707758318032,5771.56153312484,8484.50784547467,-5.3,0
68,-2.404,-10.043,2.08369630340559,22.1528576907605,-5.26161342988878,0,0.996747136006726,4955.80448190802,9061.37736021661,-11.3,0
69,-3.991,-9.591,17.0748070006784,29.4611948306509,23.9808788259337,1,1.22530635872107,4899.09956007796,8543.00698620424,-7.7,1
72,-2.903,-11.07,2.18589724747343,-2.03814863718659,8.31869887223928,1,1.02778739179557,4673.23165331756,6978.30997375244,-10.7,0
73,-2.399,-10.597,-5.21264451712356,-14.0545738046703,-7.20229609907267,2,1.04112798211329,4160.67552208349,18137.3023915081,-8.2,0
75,-4.202,-10.25,-1.06255615194931,-35.9621340169788,-23.8395810950234,2,1.24293491437099,4897.01755875227,7134.25345331981,-11.8,1
76,-4.118,-9.462,-3.08903443644928,31.6070729859081,28.9558964698528,3,0.914468861553597,5197.42246549964,7143.64034087174,-11.7,1
77,-4.015,-9.503,9.7643555569788,32.983743884694,-6.84838143283193,1,0.842627716328645,5451.73520076101,7942.05568727615,-9.7,1
78,-3.965,-9.405,-3.13110350652363,30.7933560458027,-22.5994115439365,2,1.0150723206857,4314.09050719281,7403.06887603957,-9.5,1
79,-2.813,-11.21,-6.63218756273639,-4.31753603285326,-10.5489034848302,2,1.11435647973879,5121.32690307909,7622.55905574627,-10.2,0
80,-3.317,-10.477,1.41114047096733,16.7073078750173,12.9864098629371,2,1.08939487250881,5092.1576814211,7723.33330945829,-9.3,0
81,-2.58,-10.938,0.691195791921081,5.01605777637914,2.34690730830836,2,0.905834082515499,4663.13502222462,8371.955302422,-9.9,0
83,-4.012,-9.33,-8.49631390935136,29.5965937211488,20.6089045556477,0,0.845036004259193,5307.78341238015,7715.60789020134,-9.8,1
84,-4.154,-9.427,3.50738014023794,-34.5978078971096,28.8750313184704,2,1.05592974010084,5129.25822547191,8078.26904008781,-9.7,1
85,-2.333,-9.52,6.21481917403741,20.5606526698183,-0.184413451958592,1,0.969528325031163,5131.48833365202,7351.8741455531,-7.8,0
86,-2.35,-10.179,12.136413128493,0.90631275145036,16.4041468355596,1,1.05826344496505,5443.30716788746,7711.08060135762,-9.7,0
87,-3.998,-9.598,3.33093998098546,34.7136497498812,16.4977475311749,2,1.18415989943082,5288.09127281423,8498.57985076278,-10.3,1
88,-3.951,-9.525,12.73406992732,-32.5212094686731,-16.6702797222304,2,0.978158366089948,5238.46490955394,10697.3036183716,-7.5,1
89,-3.943,-9.649,0.300390932854893,-26.7261875832614,-27.9991818241025,0,1.42604918100388,5495.5094456486,7048.51381355462,-7.2,1
90,-3.371,-11.647,3.07251252630157,-5.24794755846994,-6.48142269821324,1,1.06013968707881,4685.82904226988,7830.57948121261,-8.6,0
92,-2.607,-11.019,-6.48520853006601,-8.38599108085765,-13.6250844789577,2,1.06160258410475,5341.32689349788,6783.43549721115,-9.7,0
93,-2.434,-10.177,1.2797411535206,-23.1847049805127,-6.45203165350688,1,0.965201123595882,5475.20901290167,7751.87703550955,-11.3,0
94,-4.074,-9.761,3.47747154384493,-36.0349629170913,-16.991118515346,2,1.20784663427382,4945.09172208426,8310.50976081505,-10.6,1
95,-2.341,-10.503,-2.26818216926707,6.44318569487874,4.58256062855676,1,0.886816872305964,5028.30366208075,7984.16076184792,-10.2,0
96,-3.182,-11.615,-5.12414238384245,-2.29113011393939,-1.78638579284404,3,1.40418171499556,4632.56158418731,7580.55841756991,-11.2,0
97,-2.811,-11.152,0.635137957371578,-6.72889477071352,-8.65386356728613,1,1.13869904964934,4969.9278002063,8659.53236765743,-9.8,0
98,-4.095,-9.29,5.93502977860079,26.7326802278192,31.3981842888759,1,0.943741204870083,4709.10903766305,7391.38134372343,-9.8,1
100,-3.876,-9.208,2.71895767422321,-36.2692814445418,-16.0519889594637,0,1.04850067425762,4332.74155403726,7998.97400103506,-9.0,1
101,-3.802,-9.265,0.607604055520254,37.4518936449663,7.36743540214232,1,1.23310803476502,5240.03827719274,8059.98441307085,-10.4,1
103,-3.868,-9.842,15.6053766504252,21.1173830325631,19.1914900887208,2,1.22504179281114,4999.05151121106,7131.36315173118,-10.6,1
104,-4.046,-9.898,-14.4451213528206,28.7709877844067,17.1155646378542,1,0.93031942158516,5238.06209334275,7702.87964844199,-12.3,1
105,-2.803,-11.56,-1.39474673580318,6.13985554925169,11.8371758094613,3,0.816403684304027,4745.59727543535,8919.57032720381,-10.0,0
106,-3.924,-9.669,-9.13845381391182,30.1565092272228,14.5294290404515,2,0.981347475345875,5109.89626691199,10721.5928182175,-9.7,1
107,-2.759,-11.273,-2.52596804184716,9.06527878665481,8.23868365226817,4,0.961122904293422,6072.08359549472,11611.3237149,-10.1,0
109,-3.935,-9.457,-13.4477733846751,25.8028889704773,14.6927645741034,0,1.15244351666064,5275.46111519131,7362.81602249954,-7.2,1
110,-2.835,-11.071,2.91241322470948,2.26037983276263,-7.67852232457694,1,0.864539710157742,5710.12345274469,7410.42844746452,-9.0,0
112,-2.344,-10.79,-6.17111718507225,5.82426014614969,-10.041201870853,1,1.14702741864613,5944.5628451547,6393.24664323612,-10.5,0
113,-2.834,-11.411,7.03260800817122,1.91700644578433,10.3248208330894,1,0.948338973580258,5424.19259594645,7967.5253536615,-7.6,0
116,-2.402,-10.817,-4.99188614938718,1.01098970171842,-9.55441689718679,1,1.00991652072688,5140.88532039157,12501.3451682111,-6.0,0
117,-2.792,-11.266,-0.247542472153945,2.85494367715874,12.738023685824,1,0.865801154266052,5259.63524373343,12872.0402726019,-10.3,0
118,-3.971,-9.645,16.1570961298678,32.5919335903623,21.3889710052345,1,1.11259800179494,5241.08163197973,7424.24301071263,-10.3,1
119,-3.932,-9.787,-6.59910373343523,-27.6720545178108,-28.7823557168496,0,0.946131080818509,5361.43755600719,8423.91000743197,-8.0,1
120,-2.639,-10.106,-3.38843554149624,-24.1597036968789,-2.33178822685373,0,1.26859000013072,5525.61884163658,7390.14993889262,-7.4,0
122,-2.838,-10.839,-9.21172429661147,-9.73990991214961,-10.0205520370732,2,0.939547014211024,5288.51370526819,7305.73231933242,-8.1,0
123,-2.542,-11.089,-9.72461513680775,-4.88772504034474,-10.7593076824586,2,0.910470474948485,5436.18097886558,8005.19160332732,-10.3,0
124,-2.485,-10.749,3.5990218075287,0.378932624845745,-7.15644035638594,1,0.918916467873388,5760.00373988868,7941.67615923004,-11.3,0
126,-2.656,-11.056,0.55683814040201,-7.03360308714699,11.2066533317633,0,1.11865805052816,4898.11879532176,8846.10181116606,-10.3,0
128,-2.372,-10.265,4.78395594936882,21.8709908418256,-6.80820499656247,1,1.2469700904937,5568.41044091139,7146.21931653844,-10.3,0
129,-2.399,-10.983,-5.08130347584279,-8.79930535152823,8.33385862853781,1,1.12591836506829,5091.47460061685,8577.60189790688,-9.4,0
130,-2.469,-10.778,3.92980117391038,0.768762337043789,-9.07170177752971,2,0.86115641507568,5552.70185843745,8727.64373348563,-6.9,0
131,-3.989,-9.477,10.5388347709349,29.7490171395514,-18.7536630216851,1,1.23237849986506,5402.78090869031,8201.08578556561,-9.2,1
132,-2.654,-11.171,3.08346312670849,6.84425400262598,-12.5041992483689,1,0.974120894640636,4705.94412952342,7844.59540331032,-10.1,0
133,-3.998,-9.634,-15.5744449899246,-27.3927041392252,24.5667943992354,1,1.05123091097971,5368.58752689561,7390.19295162701,-9.8,1
134,-4.04,-9.548,8.635714385013,34.7053651554186,-15.9433518092785,1,0.984569667255781,5033.25065161543,7345.34444009797,-8.2,1
135,-2.55,-10.495,-1.8909818408505,-7.77790174315028,-0.755705471524089,1,1.32137809044195,6868.29575499583,23617.7424739317,-11.1,0
136,-2.615,-10.885,-5.62484347468501,-6.53182632779277,8.71765542399825,2,0.946478796817929,4863.83051346776,8359.30230739909,-7.9,0
137,-3.959,-9.563,-8.81059737082752,18.6943998779092,-22.8704855256669,3,0.957370873397354,5548.22053060667,7609.131136893,-9.5,1
138,-4.126,-9.518,-0.264793561759491,35.6068535918013,-19.6144383468044,2,0.958897197158095,5418.2422050785,6838.43182057693,-9.9,1
139,-4.022,-9.547,8.76825639832805,22.3750546079139,-27.8080475628332,0,1.25537275780979,5202.12934356722,7908.29335844405,-10.8,1
140,-4.056,-9.747,-1.54896736286113,24.1365059799045,-31.9458559100249,0,0.999157750375408,4932.38705761388,8285.92256245915,-8.8,1
141,-4.102,-9.424,-4.28189639882102,32.4888728743592,-28.7419169457272,1,1.67599519310343,5367.84381764199,8807.89474148362,-8.9,1
142,-2.542,-10.797,4.58059832216232,-9.66803143637551,8.26359323030273,1,1.42495939755414,4997.67708937627,7195.8877769107,-8.3,0
143,-4.082,-9.779,-7.45725107757181,-33.0147039326202,-24.2435926491097,1,0.968104086660255,5011.65485048571,7587.92367514785,-10.0,1
144,-4.163,-9.519,-7.38712749900636,-28.4943080635809,33.939944871576,1,1.14793472450208,6187.35871468179,6877.16763327547,-9.3,1
145,-2.332,-10.743,-5.70054790281618,-0.655808151390139,-9.12017138790851,0,0.947242587908928,4812.48277383147,8057.36320543607,-8.8,0
146,-2.778,-11.184,4.13282300262339,6.84787202055409,-12.7563834863793,0,1.03604263935411,4626.61270429352,7744.28004128523,-9.5,0
147,-4.051,-9.31,-13.5613338899908,-27.4447727279146,22.7164773121032,0,1.08902290864712,5638.70923929549,6922.15347060559,-10.5,1
148,-2.525,-10.787,1.81793889899691,-0.690848975278977,-7.56705509348771,2,0.89484303616548,4557.10737224451,21446.4450623025,-7.6,0
149,-3.948,-9.499,10.3505770118553,-28.0494594837161,-21.2683429436199,1,1.48080704894534,4096.29845223278,16492.0443300605,-9.3,1
151,-2.986,-11.52,-3.71871379097541,-5.61665221453737,-7.16504092594543,1,1.10390337616033,5458.48812554091,7832.83400176932,-8.8,0
152,-2.711,-11.172,-0.686487027071523,9.9065276701843,11.1465345658514,1,0.881252502506031,5475.96223657111,7965.67474030515,-6.8,0
154,-2.722,-11.077,3.99748239148736,-5.65543559062796,14.1117057543761,2,1.14839241297451,3616.939489899,16535.0867680078,-10.0,0
155,-3.948,-9.393,-0.544331479875152,33.0279039272095,12.2277269791999,1,1.4344625204307,3199.98320280007,21769.1390081477,-11.0,1
156,-2.862,-11.097,3.92590893261418,-9.7926562900796,0.689013809526614,2,0.951873599405421,5672.33731262695,7184.24864988975,-9.7,0
157,-2.388,-10.171,6.70867373691491,-22.1581246211818,0.761079561102534,1,1.07556516153394,4803.18697425445,7647.71137096699,-8.8,0
159,-2.898,-11.182,-2.1000478849928,9.55860505982953,2.32152187690788,2,1.07915205158239,5637.21841468638,7160.39529116487,-11.1,0
160,-4.066,-9.575,-13.083347658172,35.7303663327614,-7.65769285356628,1,0.906981810716263,5845.55401849247,7367.81598880378,-7.8,1
162,-3.97,-9.402,-1.90913293964502,28.3508208697563,-27.7529688355876,1,1.27638916012712,5636.23470835543,7553.11741793492,-11.2,1
163,-2.853,-11.208,-2.80422051057209,-9.81829823150509,0.714774855433578,1,0.993009911643938,4680.47179752113,9043.33491998742,-8.4,0
165,-4.105,-9.67,15.4195436255154,37.0896446510022,17.5162487489743,1,1.14237833465489,5399.70426515792,6946.43197102422,-10.8,1
166,-4.08,-9.526,7.45405169778085,37.6491283357838,19.3399757119146,2,0.99831754799552,4929.83285632286,7754.40772873995,-9.5,1
167,-2.386,-10.167,-5.21797550136347,21.4767887260208,-7.50563353810119,2,1.15175447001364,4835.03974279541,7052.84004750709,-5.8,0
168,-2.767,-11.179,9.07577166062957,6.87827676300769,-11.2550436134571,2,1.09608891439263,4692.0940033043,8440.3571392347,-6.9,0
169,-3.591,-11.804,0.955311534775142,1.12593616758933,-3.95526394052492,1,1.00996050796029,4203.09565649472,8667.39657853334,-8.4,0
170,-2.6,-9.919,2.38323425388888,27.6123223620889,-6.38508224822634,2,0.867830006416899,5210.23018810409,12014.4661408697,-11.3,0
174,-4.007,-9.64,3.70656381233342,-34.4910113066527,18.7045498718755,2,1.24463711143408,5485.84506600116,6457.89185369633,-8.2,1
175,-3.549,-11.807,0.541108679711761,-1.45676515385768,-2.8497478412841,2,1.27044887361604,5014.74084993272,8524.71316671387,-9.8,0
177,-2.406,-10.017,0.696426913306916,22.257510886437,0.880606261367222,1,0.889771376314394,4899.77261648939,8295.80519860239,-7.8,0
178,-2.768,-10.763,1.28869355842996,-13.2757366248646,-11.5348787633909,0,0.867987409819088,4766.06900251055,8050.7595966334,-9.9,0
179,-4.018,-9.679,14.5617256872528,-33.0569109759571,-2.2210965610528,2,1.11088830661503,4807.04363886223,8143.86657152369,-10.9,1
181,-2.689,-11.252,1.54820163022753,-0.393052051667104,10.1000881912746,2,1.22922147181118,5653.29829491418,6589.96286296595,-8.4,0
182,-2.31,-10.742,-4.97267234857731,3.45565076402932,13.9847401666061,3,1.2674999978273,6057.95720257296,11636.0932522752,-7.6,0
183,-3.038,-10.444,-6.39123934952486,20.7914412474193,4.29131885997293,2,0.819221583209016,5140.57928784871,8683.71100788139,-12.4,0
184,-2.58,-10.937,4.89264769550379,10.0621217039256,9.72793928749618,2,1.52107121425414,5415.77035923797,9025.40921183742,-9.8,0
185,-2.987,-11.167,-4.8351027437656,-4.59400938175786,-6.31837839028811,3,1.03866343309162,4934.19729740197,7304.74802917697,-7.5,0
186,-4.013,-9.607,9.51866988415555,-29.9443630803333,23.8658501900343,0,0.96186718091801,5074.6113886994,7308.05854518267,-8.4,1
187,-2.431,-10.583,-2.6133095198416,-1.63624176415479,6.54096773402878,1,1.2269971705195,4698.49593727907,8202.53033759646,-9.8,0
188,-3.794,-10.202,10.954320225309,31.6549485444991,14.0457247296431,1,0.974965953246884,4383.60708539329,11508.7352506484,-11.3,1
189,-2.4,-10.029,7.44794370190999,21.7986693447728,-7.43240519761369,2,0.931544959388918,5435.95139519816,6706.26395077111,-11.6,0
190,-3.924,-9.531,-15.0977489702725,27.6181630198097,8.87292463822363,1,0.867013587827556,4510.18958338274,9674.85206349791,-11.9,1
192,-2.586,-10.309,0.254346552752939,-21.6674873997864,0.098877789059857,0,1.15530338632482,5578.02249703588,8169.09754341273,-7.2,0
193,-2.489,-10.738,-4.16060302994664,0.946509347414162,-6.90602735054814,2,0.864230722907933,5232.14513909528,7808.03821356163,-8.2,0
194,-3.96,-9.804,-4.11262619632595,39.6208983289531,-16.6236251140714,1,0.951772260960695,4188.66068077257,15234.6364235413,-6.7,1
195,-4.012,-9.937,11.85757598532,-30.0111857781556,-11.7746491365912,2,1.15861319749178,5700.44911240513,7674.7975020786,-7.7,1
196,-3.844,-9.537,-11.7583453370266,19.9167082089339,17.3057562520454,0,0.941791474305957,5516.34165712024,7545.85015474959,-10.3,1
197,-4.059,-10.532,-4.98545118706712,2.33492144007194,-4.80781569748002,1,0.897910639584964,4861.67630546453,7808.31626484901,-9.6,1
198,-2.354,-10.175,12.2379675891439,-0.208414233635973,-16.345784477227,0,1.18948106090665,5044.14540530435,6457.99872697202,-4.1,0
199,-3.95,-9.913,-1.96882316737178,19.4554103828196,29.1076307873161,1,1.22993919825316,5767.39822446587,7005.08606827319,-8.1,1
200,-3.332,-10.229,1.00980371782267,3.3047729568199,-13.2061329381369,1,1.23755822630276,4957.43722630113,9518.09788330671,-7.9,0
201,-3.874,-10.444,6.30456262733414,36.2545049807989,3.72190707264361,2,0.853094326711963,5244.13109196447,11830.973950803,-7.6,1
202,-3.968,-9.679,10.8217124921806,-30.859334509669,-17.1592488603711,1,1.48869729843837,4852.58344512422,8607.05512830493,-9.3,1
203,-2.65,-11.03,-7.03073326718127,10.6332971364369,8.82010662043411,0,1.04705586896645,5696.50873245862,6675.63477853388,-8.0,0
204,-4.05,-9.459,-13.747457880026,-33.0861979999232,-9.04617455726785,1,0.966379894576986,5672.92625423736,8031.06445494216,-8.4,1
205,-2.804,-11.173,8.96029973916312,8.4413146658994,8.83759328576418,2,0.873752776507341,5342.30930893665,7110.77155800589,-9.5,0
206,-2.77,-11.201,3.22006875815792,-8.12468268239905,-9.92419316945892,2,1.19771972492497,5106.9632689964,6791.74014296559,-9.4,0
207,-2.737,-9.79,-1.33722998159179,28.6637484073381,3.89748405360412,0,1.13673570658435,4498.4470746742,8645.64668197983,-8.9,0
208,-3.961,-9.557,-9.90653547571896,-34.2008430632939,-14.3696279670311,2,1.21742077574099,5101.58869352286,8158.75322908346,-10.5,1
211,-4.109,-9.72,-5.12397677640809,31.4794262337711,29.0346662398585,1,1.06145707004107,4675.34500160596,8278.29883055003,-9.3,1
212,-2.477,-10.893,6.89881178688176,8.00960817632357,7.44401194584471,2,1.2212189929284,3579.61518926968,18831.1975422717,-9.0,0
215,-3.567,-11.551,-1.81554896793376,1.02621411293992,7.87678067162463,2,1.01589403791085,4790.01058158481,7946.2053652516,-11.7,0
216,-4.152,-9.428,7.01472860307292,33.2125109721144,-22.8619407019597,2,1.12544108094673,5017.21465214322,8210.11267397998,-6.8,1
217,-2.395,-10.075,3.02503197453176,22.5071587885169,-1.44189833239216,0,0.89704275661226,5101.29464777547,8596.88125606033,-11.5,0
218,-2.534,-9.988,0.921317130880673,-21.5376177074211,-0.132644859475479,0,0.931852564318107,4763.07448735363,8417.19383144861,-10.7,0
219,-3.913,-9.519,15.6976026846497,-29.6662007496631,-17.6675793533611,2,1.09500899123955,4926.57549708829,8838.32658644536,-9.5,1
220,-3.742,-9.842,-7.75460635305383,-25.8266960529884,16.5401365103483,3,1.04136395750057,5530.32978080143,6563.14576676111,-12.7,1
221,-3.875,-9.393,-8.39002889910793,-30.9456028218654,11.4749810029115,2,1.60767803371203,4917.20105000147,7594.83674432484,-11.3,1
222,-2.12,-10.809,1.80814560617649,9.65536202989201,1.06042816201817,2,1.00200390501992,4666.03854941429,8401.44657601207,-10.1,0
223,-4.015,-10.49,8.59253214005921,-31.6468800152146,-26.1208058488834,2,1.13910411517916,4491.56687557274,7153.9313130106,-10.1,1
225,-3.745,-11.793,-0.102916452648021,0.13830734225427,6.33725306667762,2,1.07915519643195,5832.01524958338,7603.07755026517,-9.5,0
226,-2.257,-10.342,4.66917144602377,20.9279291797683,3.44192433229539,1,1.43496845826563,4870.85884076992,7762.47794810861,-8.4,0
228,-2.867,-10.941,-4.16188860796907,-6.08237979768296,12.6234676094507,2,0.854165756256919,5559.28312177106,10777.202698934,-8.1,0
230,-4.071,-9.27,-2.24490644715804,-35.7031507697961,-20.4151128096979,1,0.937006604557588,5094.53083330432,11814.1946646903,-8.7,1
231,-3.97,-9.553,-18.0226288425843,-23.5318879751844,16.5750408419293,2,0.839100695504107,5594.19151958134,12455.6957181589,-5.7,1
232,-4.159,-10.232,-6.00200626731472,-40.3125455895563,-12.362128339932,2,1.3095321624361,6055.13650042014,6996.14608456299,-7.0,1
233,-3.449,-11.52,1.91742264500745,8.04799760116892,-5.625456565677,3,0.80598656826505,5877.0179415123,13709.3247319189,-9.0,0
234,-4.066,-9.474,4.06278111134989,33.5205527092589,-19.3207152797488,3,0.984793956514781,4620.20360938607,8047.69727748477,-9.2,1
236,-3.862,-10.494,-3.55673137861863,27.6321580225387,21.2026292145872,2,0.970574925050156,5282.13384869562,9680.26498754084,-7.6,1
237,-2.739,-11.167,3.02079830484827,10.5805298695051,11.0359645519951,2,1.11299993518961,5007.0423631514,7772.44694096828,-10.0,0
239,-3.971,-9.607,-1.77247234549232,-29.4429884000553,25.9706500946517,1,1.06203046937491,4269.75681808788,19625.8860783661,-6.7,1
240,-2.99,-11.55,4.59888388598752,5.46513109870113,-10.8254906013981,1,1.22174151765792,4607.18830940905,8258.96098499586,-7.7,0
241,-3.908,-9.486,-2.23940657507822,19.7745571625495,-30.1633203105176,1,1.26380305452245,7008.12518006919,15884.3463421888,-11.3,1
242,-2.664,-10.997,2.94617932491634,-5.95386852375749,-10.0242469010947,2,1.1686306072699,5525.47412642256,7079.80718396045,-10.5,0
243,-3.771,-9.146,-5.34632778661068,29.1227190354403,19.0161072630017,0,1.04172364326041,5240.10653174889,7514.77406878981,-10.1,1
244,-4.123,-9.638,6.47090666794465,-33.4525587662759,-27.953701407192,0,0.943633299986007,4823.08855930186,8581.25089564508,-9.6,1
245,-2.403,-10.475,5.83142147102887,-3.70846898043653,7.59327362310103,0,1.00036892649977,4859.14426700595,8242.40894232706,-8.9,0
248,-4.073,-9.805,17.1321848337763,26.0328551186028,-26.9279414469802,3,1.26070283421937,5475.03520710539,7677.8581910679,-8.0,1
249,-3.968,-9.562,-12.1667559902612,29.3832939590115,-22.7949687579266,1,1.01619925519064,4575.85649325503,8701.78805917745,-8.7,1
251,-2.295,-10.671,1.28606480247812,-3.00149603259422,1.95773768373451,2,1.04564623857076,4826.70793000492,7804.21230108473,-10.5,0
253,-2.626,-10.874,-2.99867878349601,7.67414006182411,1.16790832017097,2,0.881390610137669,5346.9828805452,7806.90503214781,-11.1,0
254,-3.921,-9.667,-14.4230323357673,-27.9837470097177,20.7055188128433,2,1.05489130187111,5534.05518763512,7146.93205291596,-10.7,1
256,-3.915,-9.546,-6.78092286575412,28.4391266688751,15.2273340721794,2,0.911426144163247,5452.22160219713,12544.8628910483,-10.3,1
257,-4.006,-9.522,7.58467609871579,29.0016507735916,-19.6497775414134,2,0.926051964861905,4745.19977621174,12135.4976875403,-7.0,1
258,-3.726,-10.707,-14.4534180938233,19.607359278428,-18.666086387758,3,1.05672605532048,6015.23680407744,6293.2374114651,-10.1,0
259,-3.977,-9.663,-12.2174889064837,-31.0104329117647,24.4920559398153,2,1.13828432258803,5030.27116517133,9035.55215894184,-9.1,1
260,-4.053,-9.609,1.00170498374783,38.8021781003243,-16.387354970346,3,0.990709069405381,4961.97640247383,12326.2975595089,-11.5,1
262,-4.056,-9.751,-11.7235791449045,21.0765892187919,-19.0927698563152,0,0.951682183227592,5146.1126868904,8222.18378474999,-9.8,1
264,-3.869,-11.567,-0.703907907372602,-4.12089992632087,-6.37006088985357,1,0.842197257852072,4806.47625366857,9313.05110857351,-6.6,0
265,-4.003,-9.555,-13.9104777861302,30.6328774428314,-10.8975200049635,1,1.08875302239743,5334.76524414939,7036.98569829495,-10.1,1
266,-2.602,-11.101,-5.36299848061533,-0.139998159993109,9.8445165357054,3,0.839691087478252,5782.10036729695,13061.0921491203,-9.1,0
268,-3.856,-10.037,-11.1542544677613,27.9866505008711,-4.30610735242357,1,1.05106139265296,4929.38492524397,8115.43378104046,-8.9,1
269,-2.619,-11.254,1.93628162118639,7.67276773447154,-10.1477718068918,1,1.10015418688595,5014.85941040822,8807.90183088266,-9.7,0
271,-2.557,-10.215,5.28863897174834,-24.3571987957584,-4.34889104282757,1,1.06373813078637,5194.41479491651,7167.16389258315,-6.7,0
272,-3.836,-9.524,16.0814612018461,29.4250910879205,2.29943122527715,1,1.17537938488645,4428.33471912587,9108.4059404461,-9.9,1
274,-4.029,-9.638,-14.4712195623259,23.1607118401305,23.8792340071634,1,1.0364208382206,5548.09539936594,7381.76735095718,-9.8,1
275,-2.701,-11.133,0.252553267751395,-7.92546437400126,-9.2803015064022,2,0.957719124535665,4961.12794377017,11945.9241251033,-10.1,0
276,-4.027,-9.583,-8.93177936495455,-32.2657384667098,21.6087537355336,3,1.00653585533277,5375.70424627338,8040.24263397807,-10.5,1
277,-4.054,-9.796,17.2927497384689,33.4746758729248,12.2065476427693,1,0.944418589203292,5053.26077013832,8524.53611155537,-10.0,1
279,-4.0,-9.535,9.09801739971315,-34.2570830703379,-18.5497597937383,1,1.05818348117152,4320.06917425202,8193.49042418115,-9.9,1
280,-4.029,-9.528,13.3536438546498,29.9227109768426,16.0765537026935,1,0.96936815213312,5130.81024512385,7677.19219464482,-8.3,1
282,-4.076,-9.704,1.63446565522164,-30.2868675073437,30.7804760861256,2,1.07756059656743,5610.75045555773,7275.61783132669,-9.6,1
283,-4.011,-9.98,15.8394363830344,-25.0858459460051,10.0435820343126,1,0.943870923468046,6036.82693064218,7148.41760048771,-8.3,1
284,-4.173,-9.631,7.04612592312402,-38.4085433636828,-18.6090187641923,2,1.02461272954885,5454.67996355027,11571.9532425689,-9.0,1
285,-2.283,-10.586,1.39931630544442,10.0274529263848,-9.1461167064999,2,1.53799058713089,5222.71274851799,8030.79080092873,-9.9,0
286,-2.549,-10.481,-2.72810632171001,8.914163383384,1.06200188438793,0,1.02568709631788,5288.78369300822,7279.48881711514,-10.3,0
287,-3.629,-10.059,-10.5003412190752,18.2121673331027,20.8810706467934,2,1.27906998680344,4829.52700338913,8158.3276700306,-9.8,1
288,-4.022,-9.597,12.0775825038154,31.1866799828025,-18.2740716639135,4,0.826678399819344,5508.00129863184,12530.1758683743,-9.9,1
289,-2.397,-10.015,2.11822800369033,23.0593589747125,-3.18096945049207,0,1.14485913729285,5235.94153585416,8461.21613063626,-9.4,0
291,-4.002,-9.61,11.6153946552303,32.1122138363941,-14.386728003324,2,0.809460854311189,5180.20793181118,11832.6677402088,-9.9,1
292,-3.966,-9.738,9.91504556317866,-26.0314651646913,-20.2173298522605,1,0.886922035389433,5835.22440469112,11464.7666941424,-10.4,1
293,-2.545,-9.989,1.35148818916587,24.0739877102262,0.415705158783901,2,0.88927245941322,5499.10124225085,11559.6867418148,-6.6,0
294,-3.97,-9.545,-8.82892467501745,25.0753878133915,-24.7381752125828,1,0.805657110454644,5720.25707957007,13202.6075240625,-9.4,1
295,-4.022,-9.555,-16.309765410138,-31.7730559771026,-23.359931690609,1,1.09672421866371,4460.45151895137,8004.4434077702,-10.2,1
296,-4.006,-9.642,-17.4787268511846,-29.1087153413665,11.1465212270307,2,0.944022994467398,5844.7037919369,8030.88628014408,-7.4,1
298,-2.699,-11.131,0.16787815138008,8.13225080997496,-10.7459658056988,1,1.05252798734765,5367.18348637253,7525.01549964485,-9.8,0
299,-4.029,-9.316,-12.5208970596628,-30.8095238081909,-16.2797123541243,3,1.11533929051531,3392.97448686248,18297.0107646762,-10.1,1
300,-2.526,-10.592,-10.4846987781133,11.6794039134243,-9.84031945119888,3,1.09049888046798,5171.63849607582,8242.37919517282,-7.8,0
301,-2.797,-11.103,-0.027164186023181,0.87886218494411,9.1442413315921,0,0.97390702650595,4939.0149443739,7426.10036077231,-9.1,0
303,-4.065,-9.275,0.896623970667088,28.2385413049584,29.5626747634698,2,0.914257551931765,4921.7550858775,8383.49035577714,-9.5,1
304,-4.023,-9.37,11.1235328726498,32.3394288130067,-23.378572681002,0,1.23108401066714,5555.32495280927,7163.62698911103,-9.6,1
305,-2.384,-10.197,2.50275558590266,-17.9606488761443,5.41726414597514,1,0.975384951876796,4766.14245304259,8645.75127145123,-6.8,0
306,-3.015,-11.365,4.00680099099044,9.21880702808179,-5.85250497225978,1,0.795253793937644,5290.10743812174,12009.1241996329,-8.4,0
307,-4.001,-9.565,9.60699107360931,-32.9336036966329,-18.6503070381104,0,0.927259391615139,5317.17933598122,7305.74271480351,-10.0,1
308,-3.998,-9.57,-12.1272660037485,28.8259494456001,17.9186410804158,2,0.888103934137336,5516.71509873385,8311.81668195079,-7.2,1
309,-2.649,-10.778,0.555679188421482,0.934259398240506,-6.24179604040571,4,1.5564550857937,4989.17546341045,17922.8416167011,-6.7,0
310,-3.85,-11.7,-2.49424151334459,-0.606985480028243,4.84431227812423,0,0.726263110254517,5445.96446643546,11806.480432223,-10.3,0
311,-3.905,-9.835,9.8489494517442,-19.9085763593118,-22.2334687948218,1,0.863504394476531,5213.33354802952,11153.3490396907,-9.0,1
312,-4.0,-9.477,10.9568538746587,24.7027477517306,-24.0863819746944,1,1.09500143388054,5108.65805114423,7760.59471808283,-7.7,1
313,-3.995,-9.638,0.385647181179175,30.5193369125941,-24.4864885305578,2,0.924462984490421,3857.51303348842,21180.8994244812,-9.4,1
314,-4.158,-9.517,5.21903590948177,-40.4384907285763,-18.4945748118793,1,1.07175426143844,5238.59273527764,7779.34468226834,-7.8,1
315,-4.056,-9.473,8.57252752025937,35.1567241407464,13.784874988316,1,1.18578676937064,4850.35357593984,8025.82502594757,-8.6,1
316,-3.99,-10.019,15.4126171508225,15.6619271226873,27.5299886530592,1,1.15306893503893,4664.89265219472,8022.63542770916,-7.5,1
317,-2.459,-10.673,-1.57394140318922,9.77106540414387,-3.06122521001166,0,1.24037791722158,5768.38837856014,7005.02587930685,-10.7,0
318,-3.987,-9.676,11.7379403834708,-27.7679112097014,24.7607929160544,0,1.05205151680456,5227.75281165582,7653.01386220068,-7.8,1
319,-2.443,-10.013,-3.52910994718229,-23.4599163960014,2.28369567698178,3,0.9842627700834,5360.03648326619,7311.56986316322,-10.6,0
321,-3.867,-9.909,-13.7881642062096,-23.2717575864554,-23.4611704247983,1,1.13174328386219,5014.06972946867,6274.63605234186,-9.0,1
322,-4.038,-9.529,-15.8998501350449,-31.0338281203971,-11.6463515450072,1,1.01806053856086,5220.47789002284,8032.3588445006,-10.9,1
323,-2.338,-10.112,-0.204449550814742,19.3096260747942,-5.96254962167096,1,1.30316744899892,4973.68902257054,8379.56518796809,-8.3,0
324,-2.505,-10.943,-2.68741569258231,-5.84943783225601,-8.89835403168934,1,0.97346277608727,4944.734611977,8787.58617444472,-10.1,0
327,-3.993,-9.56,11.9078463264078,-30.9246594115436,-20.3953171335171,0,1.03108232054485,4731.38276421661,7364.24204185361,-9.0,1
328,-2.537,-10.67,-4.93939476524724,8.85095272488387,13.2879203001026,1,1.05885323243267,4913.63546081335,8095.97988758789,-9.7,0
329,-2.635,-10.778,0.899107132803111,-9.35811870088283,-11.1613115293394,1,1.04790153094715,4868.74174958115,7039.03284209614,-10.4,0
330,-4.132,-9.537,4.78508226749047,-38.5764084559671,-10.6362741183059,2,1.22532452112999,5266.11632733733,7886.19142863196,-10.2,1
331,-2.573,-10.951,1.14888646272276,-3.30872862262677,-13.7162987115005,2,0.865676587275762,4387.68924830664,8678.50717020793,-10.8,0
333,-3.971,-9.586,-13.3102956160515,24.4072985929913,22.9758869023373,2,0.965181318277323,4737.25975418439,8506.40324888389,-11.1,1
334,-2.79,-11.194,1.95541624944403,-7.29369339891324,11.2307234067826,2,1.17695489489714,5289.70649486981,7325.2948353446,-9.0,0
335,-4.039,-9.618,-6.13358101734377,-34.1911947376035,-22.9878690041815,1,0.902902067307229,5435.28135603422,7012.83984056735,-10.1,1
339,-4.059,-9.505,1.11659598512747,37.9778058677453,-12.0194732208245,2,1.21828258468454,5498.35879914858,8257.68384409722,-8.2,1
340,-2.507,-10.774,-3.64652239761086,14.7571097862506,4.38495168270534,2,1.24845478588647,5969.95888025729,7376.16546933626,-9.7,0
341,-2.603,-10.222,0.31611532998743,23.829966572106,-0.767350977792658,3,0.814179521760512,5791.80740470535,12020.4325235636,-11.7,0
342,-4.111,-10.554,-3.72593447991647,1.19751130227304,3.13585230279362,1,1.00045719508968,5342.575695095,7327.08901421946,-11.2,1
344,-2.427,-9.95,-1.02270383454223,-20.3240693074089,6.06122924298642,1,0.898450717203249,5690.63369593234,11967.6142385954,-10.0,0
345,-3.608,-10.007,1.49643876591287,15.7795875123114,25.3990841898127,1,1.04987630426886,5022.40590583489,6895.53828833046,-10.9,1
347,-4.007,-9.402,0.267561345780094,35.1960706560016,20.1125848221214,1,0.953023207786588,4114.15208999096,9412.28550708171,-9.5,1
349,-2.662,-11.111,-2.72623049540102,-5.22914148576294,-8.67536834274049,1,1.18028798746066,5809.41834331743,10056.7912138063,-9.8,0
350,-2.618,-10.846,5.83036289376806,11.3257634842406,-10.9490590085911,2,0.776388083040597,6363.43755685153,11929.7153978699,-8.2,0
351,-2.46,-10.604,8.61517356138645,-0.827143970973634,9.300946122785,1,1.02930401760613,5368.06652580365,8152.20675057442,-10.2,0
352,-4.094,-9.473,-0.657555227016827,39.6910747921095,16.605615257098,1,1.33340654207134,4371.86812471258,9612.85529466138,-10.8,1
353,-3.447,-11.765,2.34127183648426,5.27701141845008,-5.39459792094548,2,0.953807600514222,5875.25179250703,7279.11664868895,-11.1,0
355,-4.054,-9.468,8.21235287013392,-27.6059685663421,28.6934126249946,1,0.801913156807512,5801.11066211555,13497.3649322836,-10.5,1
358,-2.526,-10.96,-7.07281844322483,-9.43405772203477,6.46221947980133,3,0.886736047022157,5144.67445524878,7437.22230323026,-6.3,0
359,-3.957,-9.619,-13.4795835783932,26.9613043181408,20.7583689319062,0,0.951010773876351,5493.14630127082,7146.54501161076,-10.1,1
360,-2.628,-10.947,-1.82325850617939,9.98219325192928,-12.4866217000761,3,1.09785501550197,5559.90807602117,11926.9797803157,-10.6,0
361,-2.654,-11.034,3.84546335386462,2.53534401290912,8.55998538604131,1,0.891627652309847,5728.72461209189,8280.83611155973,-8.6,0
362,-4.074,-9.572,-6.38758962754904,39.1681997140063,11.7948091199715,3,0.916092345531738,5753.40565170358,11328.1442981082,-6.6,1
363,-3.913,-9.621,-5.23980652199702,-29.6866605192628,-21.345441033494,2,1.31563254989444,4704.35495116004,7584.83602490425,-10.6,1
364,-4.13,-9.907,-12.5138984521634,27.7516358698767,18.9972578682481,1,1.20845510462147,5063.22701586509,8917.48347958537,-6.9,1
365,-2.629,-11.403,-9.88972734790616,4.95103319009791,-10.3278503920906,2,1.1567042749996,5723.76284607481,6428.18077604874,-6.4,0
366,-3.979,-9.553,10.7633128844764,27.8621618140389,-24.4802699799638,2,1.2378654165625,4924.66556695298,18261.9763970414,-9.1,1
367,-2.872,-11.173,2.27926856848878,-0.078365503151168,8.12494683962847,1,0.815864642241757,5595.31997264854,12723.2556712347,-8.8,0
368,-2.884,-10.863,1.44587685746049,7.49864971199629,-13.5917077242255,2,0.827021873959414,5434.53739836197,13110.1205414551,-10.1,0
370,-4.011,-9.59,5.34214571731926,32.9598168159433,19.4394116289562,2,0.89095591787193,4572.73287000781,8176.788939293,-4.8,1
371,-2.903,-11.172,3.58729492043748,-1.71024834054095,15.6908785478876,1,0.98991300528209,5397.43531177427,6902.25046624163,-9.8,0
372,-4.068,-9.659,-7.07242553397674,-33.6223322741924,13.6903375472942,2,1.08632900030003,5302.7033931012,11585.2518211438,-11.8,1
373,-2.916,-11.179,3.12329615980711,10.4619821832924,-8.97451810782708,2,0.79539611720942,5757.70264111982,12418.2629049619,-11.7,0
374,-3.824,-10.431,10.1520227673422,30.5529946524588,-14.0618355224486,2,0.828414970572576,5948.09301564068,12482.4377845847,-9.7,1
375,-4.107,-9.53,-0.390851503332898,34.4296381357952,-20.2043250534584,3,1.06216863472978,5227.95845832542,7546.81172801775,-11.1,1
378,-3.192,-11.022,-9.38640819840777,0.44397146267321,15.3269198556315,1,1.19890181703094,5260.77371298419,7864.71136620798,-9.2,0
379,-3.942,-9.591,7.93314382218884,-25.2993262069571,26.5904432462149,1,1.1559927018635,5207.92278446084,7960.79176422965,-9.7,1
380,-3.002,-11.595,-4.59880081798292,-2.5482961233186,9.1847848771616,2,0.985112987343511,4033.073044067,8501.75194650634,-9.4,0
381,-4.005,-9.511,15.7177751906178,-22.9543838200275,-22.9771423736324,0,1.32707039608265,6215.67435383771,7766.81583676925,-7.3,1
382,-2.672,-11.339,-8.88867330937497,6.43130783264244,-13.4992412100639,0,1.02615451689711,3386.22246623015,24515.0144527853,-8.3,0
383,-3.26,-11.491,-0.209472645185442,0.652388613653055,-6.83154120667761,2,1.49907789938982,4962.30060144298,8406.95766723153,-9.0,0
384,-2.402,-10.287,3.143596901379,-22.616076401703,2.55935909213103,1,0.912969712489942,5161.5011529339,7735.8957219177,-8.2,0
385,-2.579,-10.771,1.83971899088551,-2.85517941411633,-7.68477609896387,0,0.993054097181612,5096.44447938787,8032.56939848132,-8.3,0
386,-2.471,-9.991,4.4446989546743,-25.7653123963408,-2.56400784444001,1,1.01946302304487,5296.7495844291,7659.27444296368,-10.0,0
387,-3.893,-10.03,14.6199157572748,21.9159326123546,-14.1914422433375,0,1.12282140329593,4152.87760118969,9273.33436888606,-10.1,1
389,-3.671,-11.963,1.88501972625142,-0.894903100512322,4.74129033262282,2,1.31844499607792,5064.20726032807,8285.73678306994,-9.6,0
390,-3.999,-9.558,18.1758109754559,-23.4639752944227,13.1714641757178,2,0.9334070967945,5010.96886794704,11947.1216277434,-10.2,1
392,-3.967,-9.522,-12.1544310280112,-28.1330719907861,-20.8458363160458,1,0.925206851040178,4323.34112904032,21383.191231166,-7.9,1
393,-2.696,-10.817,-1.88600510835429,-4.87564054155343,14.0623223927399,1,1.27427514238774,4377.09435258644,8820.80215832368,-9.3,0
394,-3.956,-9.557,-4.40951415897452,-32.0905037520154,-21.7868244208561,2,1.16831412204069,3455.37444599161,22919.9564770188,-11.6,1
396,-2.262,-10.687,-3.78599732981342,4.22708015950021,-16.3256494090152,1,1.05118053859642,4467.18147437519,16322.0734176055,-11.5,0
398,-2.834,-11.096,2.57569463706177,8.90261866059833,7.48269845739414,1,1.27697013336694,5152.64845985193,8457.46089369084,-10.7,0
399,-3.006,-11.486,-1.7907567915586,4.05828321142093,-1.12847060926203,1,1.07288343429607,4916.79303471654,7558.37146957042,-9.7,0
400,-4.09,-9.264,-4.52554679483395,33.7399351995611,24.0192084966252,0,0.939907383440273,4986.1053555703,9027.08045609486,-9.1,1
401,-4.081,-9.397,3.75691771511452,25.9666733446829,32.3704763356672,3,0.959535476532584,5868.87905639063,7387.10934152852,-11.6,1
402,-4.019,-9.596,12.3679610222101,32.351905382816,-15.4774672413798,3,0.9371882783389,5691.21990870896,12332.0995878822,-10.0,1
403,-2.365,-10.853,5.20016554975314,-6.78875160749587,-5.56308351602903,1,1.08294260165035,5689.533959146,8010.18180116426,-6.8,0
404,-3.85,-10.146,-18.0177181030932,-23.4408841871977,-24.378759313279,1,0.99575961634883,5484.14080479285,8203.76913390964,-5.6,1
406,-2.396,-10.907,0.841283819166049,-13.635422361916,6.76855137765039,1,1.2737091182848,5039.43028361593,7307.15511114417,-10.9,0
408,-4.076,-9.682,-1.6046764675124,-33.1029262841682,27.9081357349326,2,1.00487712184068,5510.65725842866,6628.98425841566,-9.7,1
410,-2.984,-11.254,-3.38348705142252,6.25046689864163,13.9946011873508,1,0.960959312864262,4832.38911015083,7845.99536867246,-11.1,0
411,-2.301,-9.968,-10.5799805270517,-16.2904731199124,-5.13263503405679,1,0.951993108126572,5423.37324789855,8032.09241852048,-8.4,0
412,-2.727,-10.94,3.65064699318573,-9.05754314572303,-10.7650637842687,1,1.19160254888742,5336.92690965853,6196.80473269732,-9.7,0
413,-3.911,-9.504,-5.11096514768236,26.9998483898018,-23.0288217967753,2,0.925700725526136,5707.45993704755,10815.5867236597,-12.2,1
414,-3.909,-9.705,16.482730146833,-30.2568513606371,11.8517066674337,1,1.21133828248327,5797.16447064233,6851.58593664347,-9.1,1
415,-3.954,-9.561,-4.09704579449248,-31.023085299137,-21.1781519908748,1,1.11094503365461,4514.12190797362,8777.96738621031,-10.0,1
416,-3.006,-11.09,6.33746040506744,7.11935201839096,13.8255475186544,1,0.930778394434803,5852.98350677676,7335.60215703804,-8.6,0
417,-2.482,-10.123,-3.26887057547732,26.0438004549187,0.274976788243083,1,1.03161794113497,5431.09513468617,6993.30364618569,-8.7,0
418,-3.552,-11.556,2.62897933181154,1.89382314212254,3.73114180759625,1,0.973141731830602,4755.80572917183,8230.79647167938,-10.0,0
419,-3.544,-11.568,-0.440122160053401,3.2957737760545,4.12254593388077,0,0.973659985178503,5534.66687081053,7603.31943558924,-9.4,0
420,-3.863,-9.926,10.3843567470148,16.5819004108915,-23.3152912171476,0,1.1295859716118,4408.84458950446,8726.41307847097,-10.9,1
421,-3.944,-9.662,9.76893628349171,-25.650795215809,-18.1278000783635,1,0.996857193337177,5030.71444257973,7469.28021725596,-7.2,1
423,-2.775,-11.165,1.97567036588081,7.23056330486592,12.8025390973413,0,0.866511878518397,4380.34259800449,8778.25030078173,-10.3,0
424,-2.619,-10.707,-11.4375933486873,-6.00262997692677,-10.4864285254577,1,1.07635841637343,4946.07449741304,9825.66769921975,-10.7,0
425,-4.062,-9.486,-4.28749920315146,33.0142413723191,25.9085667240767,1,1.00596275529149,4978.53184725558,8250.24841337818,-6.8,1
427,-3.964,-9.636,-16.7704903601389,-28.7763165857112,-24.2161613216051,2,0.929864411288938,5457.30004166305,7958.4986092134,-10.7,1
428,-3.571,-11.557,-1.03335292646736,7.79825609708212,-11.3472338441405,2,1.07928017282696,4486.6943652727,8523.85674269854,-10.3,0
429,-2.807,-11.136,3.89750930855887,-10.4683220943287,-9.98973135402163,2,0.993618896232302,4951.42975081257,8199.29661365993,-7.5,0
430,-3.993,-9.563,13.5133007692191,-24.606826258865,-23.6646567857611,1,0.800150451395685,5830.17905704996,11185.254926559,-7.4,1
431,-2.017,-10.31,3.02120221381517,-0.672433963872306,-10.3021059961134,0,1.05866224670269,5407.49529777113,7131.59896165039,-10.0,0
432,-3.859,-9.785,-11.5145143425942,25.1438512678156,-23.2738055688861,2,1.36988561657739,5378.95886635367,8384.93425726661,-9.2,1
433,-3.944,-9.591,-8.3292020434067,-32.8299198472857,-17.3304979091857,2,1.13159567377977,5417.25996404001,7545.18421295119,-9.5,1
434,-3.519,-11.385,2.31687701102628,5.79152844809421,-8.64025761949594,1,1.17915709751507,4967.55589939729,8829.76117645479,-8.6,0
435,-3.953,-9.736,-10.6144916504948,27.2558405441928,24.5657313279695,0,1.24434596785405,5516.47548692078,7900.80040915826,-9.7,1
436,-3.1,-11.487,1.57458805234841,-7.30972842275246,-2.12398152171368,2,0.947226848594794,5449.78471632372,6816.49242792919,-4.7,0
438,-4.024,-9.517,11.0475823632874,-28.0875483964301,20.9631986255648,0,0.935628414797897,5270.01167177466,7881.006088081,-9.1,1
439,-3.992,-9.564,17.5895791739429,28.1031583504782,23.2770016036924,1,1.13216339994909,5745.68573707505,6693.96730857368,-9.4,1
440,-2.713,-11.006,0.546619745984003,1.90573069122793,-15.3136818567666,2,1.14371339737553,4370.80339921856,8365.68899787899,-8.6,0
441,-4.022,-9.488,6.73272725974804,34.6916152576517,22.7586822914763,1,1.09346628379609,4541.96354095371,8705.34823568863,-7.4,1
442,-4.164,-9.424,0.052472270794754,-37.1109299350789,-27.5565674991794,1,1.11818553963135,5309.09239952959,8212.58037432579,-8.2,1
444,-4.02,-9.478,11.6370116256958,25.7788519077873,27.0608804600286,1,0.951809347570278,4954.4027798088,7495.76782708846,-10.7,1
445,-2.33,-10.226,6.18356674114094,21.1599115869676,2.62922145167818,1,0.935040720141919,4811.88601588767,7446.49489415369,-11.5,0
446,-3.095,-11.167,2.64174147844013,1.86922301316195,10.7679594069608,2,1.52495875705667,4318.37336741576,19834.3073286529,-8.1,0
447,-2.921,-11.228,3.41457907056694,-7.08657000330326,10.2733491615641,1,0.960129161033044,5437.73990919361,7129.35693444601,-8.1,0
448,-2.585,-10.935,2.07945655088388,2.33686661918858,12.6005924912795,1,0.981354250384784,5019.42074199986,7588.86945922106,-11.6,0
449,-2.302,-10.731,-3.04354733037395,3.14427734474695,-9.3456685031798,1,0.897200691005966,4983.07898759497,7884.47620853338,-9.1,0
450,-2.609,-11.163,0.793997268379613,-3.81219692641143,11.3698492863259,1,0.932549747236912,6058.38997223907,7389.99010432674,-10.9,0
451,-2.913,-11.216,-1.67000744667668,-8.95941242177321,-3.75394732797267,1,1.10387782214065,6204.64481452656,7004.71690716573,-8.3,0
452,-2.709,-11.018,-2.7927273604202,-6.23149364566372,-9.40729843082794,2,1.52552266035104,5998.70458979911,7616.82616623904,-12.7,0
453,-2.636,-11.04,4.13166960520567,0.896165179102665,-8.53330570138321,0,1.04176207008401,5280.20690542003,7773.9862991252,-9.6,0
454,-2.825,-10.936,6.7572285083251,9.21949506091605,16.2872299770338,1,0.916651375327336,5145.82577343992,8018.3887320637,-9.9,0
455,-3.979,-9.663,-3.90460161117611,-35.6975712157418,-16.0116850753492,2,1.02858554280856,5496.6116660703,7079.06103460849,-7.5,1
456,-2.373,-10.235,3.36518138275034,17.6648707152735,8.67665220242749,2,0.902162161643101,6072.90003862515,7028.29052635693,-11.4,0
457,-2.921,-11.031,1.52458312454082,-7.40163633349977,-6.98259406823798,2,1.28235951367524,5419.91020078489,7007.09186702787,-7.9,0
458,-3.025,-11.109,-6.80615941332847,-6.92629250828544,-1.79583769683508,3,1.50297985426881,4776.608799934,7386.80154873993,-10.4,0
460,-3.935,-9.585,20.2658117327706,21.2668868527995,25.0666704140392,2,1.02675051550497,5239.42326130205,6751.04038510365,-8.1,1
461,-2.979,-11.427,7.41744004983821,-5.54102185463415,-8.71214854088405,1,0.885233912674364,5086.79577621088,8686.64803252687,-9.0,0
462,-4.03,-9.565,16.9164861927188,-30.3319403596308,14.109300244808,1,0.973055808671162,4505.72267806627,8228.30745941775,-10.2,1
463,-3.979,-9.654,14.8233109306648,-33.3114762750269,-17.5472027403965,2,0.866825962181856,4824.41561495778,7897.44391185563,-11.2,1
464,-4.024,-9.53,10.6279173830941,31.4744940686194,15.417234064169,2,1.00333354828859,5391.08205392822,7802.24934771612,-9.6,1
465,-2.409,-10.112,-5.97863234494555,24.0637538924693,-2.47406835296042,1,1.0401757130901,5283.34271983201,7556.31328692547,-9.9,0
466,-3.984,-9.566,-6.41817346837314,-33.2970039438712,-16.2473588615591,2,0.947679636888335,5417.13943899372,11739.3194280396,-11.8,1
467,-3.106,-11.117,7.1864332202043,4.67263385358618,0.565257487270016,2,0.826678993773373,5455.12556639575,12738.273717571,-11.4,0
469,-4.106,-9.518,-2.62177961137245,33.7684717223511,18.3978051388869,1,0.850318839246047,5439.80120553041,12569.8144831988,-10.6,1
470,-4.054,-9.68,2.56352170589953,35.1357313428816,23.7565035197689,3,0.919448476080625,4458.29835224852,8849.59968572098,-6.8,1
471,-4.038,-9.476,1.68360072974095,-29.1487753630283,-29.291862602219,1,0.906211625350955,5082.48794179496,7862.91855126602,-10.1,1
472,-3.601,-11.616,2.46033933251198,-0.249445112659838,-7.22259945391878,1,1.04023750844214,5081.97422271831,7761.8158599448,-11.4,0
473,-3.882,-9.202,-1.3336008473004,38.4782938142729,12.1515201031464,1,0.965619784064211,5107.32073432169,7763.00706804729,-12.9,1
475,-2.762,-11.323,-8.25599771702487,7.69071060541787,12.3788035038577,2,1.09390269166156,5547.56568075253,11817.9478355596,-10.7,0
476,-2.845,-11.101,-2.41791606243733,7.73057634280934,10.4136887454396,1,1.06085561841436,6260.23630160733,11485.9863306872,-11.1,0
477,-2.658,-11.121,0.178236044266483,-5.06987409395349,-11.0737837218746,2,1.09040243104386,4781.43605624536,10351.4877268199,-10.4,0
478,-3.957,-9.483,-13.6030548328826,17.6822338804092,30.8773755204633,3,1.23057246577103,4097.58646876848,21051.7265071661,-12.3,1
480,-2.332,-10.698,8.55244939663439,-9.3808498572907,-0.289478012547711,1,1.26915684861573,5466.11699133666,7940.88983230816,-9.0,0
482,-2.706,-10.55,-1.06251315144029,12.3643712572444,17.5118396493663,1,1.0718213444826,4320.38860821949,8075.86040811496,-9.2,0
483,-4.054,-9.602,-4.0953125895087,31.1881648512521,27.5878918086503,1,0.899724301390912,4568.87665625532,7758.68425281888,-10.7,1
484,-4.067,-9.557,3.32177466769324,36.2477338770304,19.9337825545175,2,1.1077267969793,4958.78062230384,9330.42520050172,-12.2,1
485,-2.758,-10.918,-3.34265657198011,3.81487691980956,-5.16778754771556,1,1.0667879752232,5406.74374746804,7182.54670263932,-10.9,0
486,-4.024,-9.57,-4.33286705639707,-34.9174227808381,22.199162790448,1,1.43417415483346,5862.71520361489,7745.44541646643,-10.3,1
487,-4.084,-9.479,1.51734257487067,-38.7012680654905,12.3054387190157,2,1.58874920396881,4991.72304280076,8933.99424938887,-11.5,1
488,-2.557,-10.843,-2.26277680792643,-7.06615171251408,6.75278707917534,1,1.09726145567072,5164.08945872349,8687.22067193307,-9.7,0
489,-3.988,-9.733,1.56728033694126,26.1327926131813,31.7047161551177,2,0.981889271035961,5355.39139576654,8156.15436054102,-12.1,1
490,-4.146,-9.799,-2.93992765527568,-32.2019731062807,29.2310074956591,2,1.10976642591104,5104.25793937223,7568.11819414914,-9.8,1
491,-2.601,-11.128,2.42701062400789,-1.2876745624678,-9.09582792303338,0,1.14795345414261,5014.02298935733,9157.09356231538,-10.0,0
493,-2.669,-10.565,-1.36631034706095,7.77588567087371,17.1999390151928,2,0.95457974100524,4885.34313444517,10824.9710088239,-10.3,0
494,-3.867,-9.231,-5.07405738161761,-36.0526473680371,14.5543464878954,1,0.965904211187935,5189.99909486149,7177.338598872,-7.9,1
496,-4.05,-9.435,5.05433084809234,29.4178554484693,31.0080124113519,2,0.804123043744601,5310.75901805263,13996.3355153347,-7.8,1
498,-2.386,-10.273,5.9407033619828,-19.0550821671293,-0.181760981648125,1,1.09967113542917,4747.22588922299,8437.83666289787,-10.3,0
499,-4.102,-9.434,5.45505222331144,-30.9840287715125,30.2373054279853,2,1.18318895406176,5259.38943726066,8667.80957876176,-10.6,1
500,-2.932,-11.397,-7.68537407261408,7.09302004723596,-7.82824683235936,2,1.33374977462745,5628.90196118537,7224.99206606046,-8.5,0
501,-4.049,-9.785,7.00007689638258,-32.8860479854399,-24.4494233024884,1,1.07970073925826,4910.43275764889,7028.89669611035,-8.7,1
502,-4.112,-9.469,1.01205054110387,-35.0978025020458,20.423304826209,2,1.04769938997763,5479.31791395292,8636.8469928419,-8.8,1
503,-4.033,-9.598,6.57663802001755,-28.0579247994468,26.7337584669664,2,1.58206688934803,5028.94264565544,8547.55979804453,-5.3,1
505,-3.585,-11.576,3.83965494641499,-1.48164522123767,6.42968343629102,1,1.26959600692378,4308.81138482516,8186.81085046914,-7.5,0
506,-2.371,-9.927,3.7575528796748,-17.4600526369475,3.87903935879081,1,1.23092799128934,4719.76093370806,7807.17569427482,-6.5,0
507,-4.122,-9.812,-5.38509540078248,37.1205249495265,22.0380790673749,2,1.0428796295463,5885.67013424921,6585.56321699899,-8.2,1
508,-3.191,-11.258,-0.879597940800553,3.68162812620438,-7.15803089164939,1,1.32700282610589,3286.78260947531,16195.5714384496,-8.0,0
509,-2.67,-10.878,-0.817332079633692,-8.26737536638637,13.3711615298265,1,1.13230997779888,6281.18600884121,12638.2514828865,-11.2,0
511,-2.833,-11.193,-7.54254077150893,6.2511900552075,10.9006634179492,2,1.08749172396088,4547.16232067203,8237.23192966206,-7.4,0
516,-2.708,-10.061,-3.1862666454446,-24.3096906125777,-5.66473333165138,2,1.11461945430428,5835.03111570956,6405.3756571843,-11.0,0
518,-2.902,-11.159,0.908307259124068,-4.29191221869657,10.9153784584537,3,1.30759347841192,4355.14135821335,15842.4233284872,-11.2,0
520,-4.189,-10.211,-1.17764689790728,-35.0679193308966,26.8744551632196,2,1.15027735379911,5368.99952511534,8134.37037370488,-12.4,1
522,-3.586,-11.646,-4.61896317425351,0.299528909844247,-5.53426090241623,2,1.04635362547527,4818.02949154916,8318.89859949337,-10.5,0
523,-4.057,-9.605,-9.45661791967233,33.5168194750053,-17.442271676191,1,0.952972349655693,5900.5439519438,6883.84310995071,-4.0,1
526,-4.017,-9.408,5.76500321196005,-28.5127313969141,-26.4060362508902,1,1.5271428788735,5563.09226998791,7342.38477429223,-9.4,1
527,-2.82,-11.395,4.81569368987408,4.82524363440957,-9.3892952035915,1,1.31231249105071,5646.43665946636,7309.58521782267,-8.7,0
528,-2.358,-10.755,-0.190858190451631,-12.8031683856142,0.973621373773127,0,0.943704902144239,5550.05053496809,8023.42445286364,-10.9,0
529,-3.98,-9.373,14.307123870642,-21.4423463708614,26.7507822889428,2,1.08368502841039,5276.28155609207,6282.67464277886,-5.9,1
530,-4.092,-9.441,4.07740876337129,40.9481960064596,-16.3401079355038,2,1.01925720364391,5141.87014228878,7635.51729306219,-8.9,1
531,-2.369,-10.186,8.88772010495227,22.7289719915492,-2.56259514702296,1,0.988602524992202,4836.77588528947,8595.05461602398,-10.6,0
534,-4.087,-9.669,7.25536869279512,-35.664475673983,25.5747220033777,2,0.844814576111566,5129.0925351356,8212.18097520194,-11.2,1
535,-2.591,-9.93,1.36923521091254,-24.5781562866132,-3.86084789172281,0,0.854130857860884,4078.0173827831,9220.61785565737,-7.5,0
536,-3.019,-11.576,4.77144238283803,-6.5668845626992,7.84312502179858,3,1.02716976626177,5684.13230183682,6934.29656718677,-8.3,0
537,-4.003,-9.766,-14.357977278529,-27.2524575931708,-24.084211721942,2,0.886491849865897,4577.52922994862,7518.87974073146,-11.7,1
538,-2.613,-11.112,0.621132696352025,-7.71874319082208,-14.793022126531,0,1.10252607039001,5873.54077403638,7345.86683999198,-10.0,0
539,-2.929,-11.125,-2.40119090531248,-7.56780923697148,8.30215412700109,3,1.15406703584961,4804.60844925431,8385.11861109934,-7.4,0
540,-2.633,-10.491,-1.20743026779082,-8.327554568785,18.6557343985283,2,1.0254181565325,5103.69543470899,7528.36119586882,-11.3,0
542,-3.024,-11.384,-2.82157737130459,-7.91668689158392,-7.46858845025031,2,1.04945216137147,4385.7572294282,7988.06576072094,-8.6,0
543,-3.948,-9.408,11.9096395814739,-30.4533634441343,-22.0174925109446,2,1.23122594698194,5061.20811481156,9061.7493371465,-9.9,1
546,-2.266,-10.633,-6.67583965470001,3.51631963126288,-14.3224566285088,3,0.964248024566602,4872.49180538299,8151.93420510334,-8.1,0
547,-2.487,-10.867,-4.8240891614292,2.30499632249245,-9.92281308248367,0,0.985362043547954,5312.21391531223,7442.44239511497,-9.7,0
548,-3.866,-9.761,17.164412156246,17.6462143252109,-17.7761054374849,0,1.00949724489552,4795.49434921205,8829.96964185114,-8.4,1
549,-2.61,-11.212,-0.07655947198467,-9.58443163139283,7.70840374121798,1,0.935567997730642,5161.75299000199,7615.1202682665,-8.8,0
550,-3.212,-11.434,7.21446331759047,6.3564603214783,9.66861806274416,3,1.52950994363256,6229.0582272222,17438.2600835673,-9.8,0
552,-2.812,-11.176,-2.43099977281554,-1.61036460908148,7.71812548208406,1,1.69899080274376,5009.6209363475,7804.67250250802,-10.1,0
553,-3.969,-9.49,13.771989951404,-29.5324311888402,23.7700023751042,1,0.95603770057613,4820.21306134498,8217.2100859911,-10.1,1
554,-2.668,-10.585,-0.47881754601623,-11.0028847748038,13.7738428767516,3,1.27649282334656,4932.29056023111,8283.42225455033,-10.4,0
555,-2.827,-11.069,-6.1601292261157,9.02066428392935,-6.25823733833916,0,1.16472608318656,5038.51409924624,6410.82416541279,-11.4,0
556,-3.998,-9.337,4.04520270553141,36.7483769343131,-17.0260096114467,2,1.34949230638724,4982.57343455906,8315.94091981773,-10.1,1
557,-2.717,-10.703,5.03559791325849,-5.09083756694718,12.0044882981625,2,1.42768365702526,5419.59676991628,8511.7288631823,-10.1,0
558,-2.912,-11.133,6.51665742876217,-6.17440377927956,8.3316306168083,2,1.00391191226555,5275.25163660767,6911.45713598444,-10.7,0
559,-2.369,-10.264,-5.22512857311281,-22.7363274944988,1.39011829811468,1,1.10572369784189,5474.24525242032,7157.72396850217,-7.9,0
560,-4.078,-9.851,-2.57414778453529,-37.4005707214173,18.5155512915582,1,1.14784149630158,5506.86190539208,7876.24235280015,-11.2,1
561,-3.82,-10.035,16.1115008391427,17.826786685292,10.838466107759,1,0.984416267724755,5563.54075384125,8026.6690980676,-4.7,1
562,-2.273,-10.68,-0.881459661515678,-14.0321306829249,4.11882086030429,0,1.1497333352536,4722.49945815477,7281.76518519472,-10.0,0
563,-2.868,-11.204,1.78810728559691,-6.45872950773754,2.13583648584617,3,1.05758645495188,4958.07408081064,7030.11310817694,-10.8,0
564,-4.073,-9.854,12.4277002036086,33.9595865523946,-15.4577609780165,1,1.04499131789769,5029.8238956188,7911.48863705972,-11.4,1
565,-2.293,-9.963,-8.44764271845193,-17.0851870109362,-1.93258972309122,1,1.05044587015975,5436.86780708626,6788.27515494445,-9.6,0
566,-4.128,-9.83,-0.970284854398416,36.5279203959067,-21.4408857513281,2,1.05498368349853,5639.01404704014,7018.37471217362,-8.1,1
568,-2.642,-10.895,2.51040652963317,-0.751168419957371,12.2405468935874,3,0.97462254565038,5574.84306903364,7567.95553778139,-9.6,0
569,-4.002,-9.607,-20.0763340882877,-27.9316569767128,-15.2058117012353,0,1.11881987541191,4777.66230988288,6848.14276333159,-6.1,1
570,-4.016,-9.555,-12.1894052447184,-33.0505240206303,12.2680789746096,1,1.21933562259576,3980.79052560587,8657.4808849391,-10.2,1
572,-3.987,-9.487,-17.5440207603875,-27.4536753031956,-20.0712702515682,1,1.08528360742952,5844.04039750693,7724.79112770843,-10.8,1
573,-3.964,-9.555,-9.3574130972014,-31.9719455013923,-22.3039234365394,2,1.06074469991662,4998.12520433402,7371.13270180704,-11.0,1
574,-3.182,-11.293,3.67955037477175,-7.40214119139873,-5.01236061211917,2,0.862222138197854,5174.56491242033,11378.5201128817,-8.0,0
575,-3.918,-9.668,-10.3586938368942,29.96714902509,21.2046197405773,3,1.21637233860436,6140.79835923582,7283.91584441112,-10.7,1
576,-3.022,-10.341,6.11698467827056,-8.73413780055698,15.8817895954183,1,1.43673241624575,5013.27983879542,8232.62849021363,-8.3,0
577,-3.883,-9.589,12.7505087231316,27.374581003269,1.93798996084054,1,1.00686900126199,5736.91179683611,7146.82971669257,-9.4,1
578,-2.837,-11.08,-5.51386798517707,9.51353404767774,-9.97362442613858,0,0.933716469602666,4644.7099816426,8563.61171717035,-9.4,0
579,-3.895,-10.073,-18.8712057879494,21.7637135467938,4.27327111776634,2,1.12442107725144,5385.00195411056,7220.46286319917,-5.7,1
580,-2.777,-11.246,-0.158333678736194,5.45973964584525,-13.2474494623203,1,1.06043052738278,4356.61152236867,7364.54482603502,-7.1,0
581,-4.216,-10.632,-0.85228753437509,0.388846524309112,-7.43613779152428,1,0.968738070588144,4344.56469504486,8568.74168417632,-7.4,1
583,-2.456,-9.978,6.00538170418421,25.4812041781727,-0.68307244105404,1,1.46987866356237,6084.6823414452,7266.80966712006,-10.7,0
584,-4.02,-9.477,-13.3007297195861,-32.7253837070688,15.9964957545722,1,1.02736310651179,4571.14412742895,8471.91029969475,-9.4,1
585,-2.599,-11.161,-0.31059950950836,3.22838437184887,-11.7914849215338,1,1.01536225319631,4583.10568096139,8224.6024266897,-12.8,0
586,-3.523,-11.545,4.58289829816224,1.17145321290293,6.63121754590443,0,1.44378438849017,4973.24862657946,8369.16317915984,-9.0,0
587,-2.373,-10.669,7.01493528972745,-9.39107467672702,-1.28642342979884,0,1.2020243170731,4925.41051019827,7729.47244937332,-5.6,0
588,-4.101,-9.581,17.1433162466227,29.362626864984,7.24228648165039,2,1.13989344444667,5485.32063062052,10502.0102808373,-9.9,1
590,-2.798,-11.295,0.783271809743325,6.30867218506383,10.3340531019425,3,1.3211338013191,4257.36002316419,20858.7567588733,-12.1,0
592,-4.139,-9.795,-3.18085637710232,39.4808126390123,20.0788952561456,1,1.32771338727183,5593.93813590692,8157.87795113593,-9.6,1
593,-4.01,-9.62,-13.804844794976,32.3718337664561,-14.4410720634234,3,0.942624595952782,5632.17449554558,11117.0429438751,-8.6,1
594,-2.805,-10.958,1.77998882776077,8.62453635907494,-12.2325627488739,1,0.769094598076766,5660.30986165764,12330.9722382084,-8.7,0
597,-3.372,-9.954,17.881397018505,-5.37453732715826,-6.53880739975826,3,0.800538069075216,5350.54558889907,12091.9477011046,-10.1,1
600,-2.47,-10.798,6.41563310197728,9.8057343815529,-0.36469079940726,1,0.838132989722747,5513.09786193506,7029.30451480793,-8.6,0
602,-2.595,-11.008,5.85550941812705,10.0110723113681,10.1605357558436,2,1.204952960234,5538.14030480425,17304.7359994855,-8.2,0
603,-3.535,-9.736,-8.20771780607834,-18.1643964540133,14.4215600247816,0,0.878399628091551,4780.53275023231,8197.75491488248,-9.6,1
604,-4.009,-9.574,10.5059132324642,-22.8071653994228,-27.0220921976296,0,1.06575265474186,4991.31243543807,7791.01663867415,-9.9,1
605,-2.771,-10.896,-1.11969539358843,7.14554271817083,12.8692443400537,1,0.999320892510628,5740.89462581894,7146.39909684682,-11.7,0
607,-4.025,-9.653,-5.45990652999446,23.8389269913032,-25.1296690069723,1,1.32750306128762,5210.5901849546,8974.18625919055,-7.7,1
608,-3.868,-9.209,3.87593650562978,-37.236305712859,-12.2718604030206,1,1.06971994979439,4895.08480542643,8288.63646468332,-10.8,1
609,-2.599,-10.56,2.8813686305693,8.32962359390834,-15.7753211505348,2,1.05706987704786,5604.5581954267,8383.72468822353,-9.5,0
610,-3.987,-9.529,-6.62195340211449,31.7703869380465,-17.851248849625,0,1.16091170500302,6178.94424743849,7421.67919737233,-7.9,1
611,-4.052,-9.63,-2.46761912428316,22.9830702298791,-33.6962114770248,2,1.1938226054401,5787.78323010018,8442.23036912136,-11.4,1
613,-4.002,-9.546,7.53286781591312,30.5920987218111,-23.7844759962137,0,1.06806103371684,4868.01406990441,8319.44658615425,-9.2,1
614,-3.981,-9.599,20.4543182417231,-31.8055420122383,-8.12551233403452,1,1.03923903251893,5218.21198321425,7319.65899421264,-8.6,1
615,-3.991,-9.651,-8.21021069002608,16.0227448114153,-27.1335928463725,1,1.0348913050656,4677.96925490561,9443.69749220564,-10.4,1
616,-2.861,-11.211,-2.41149209512626,-0.080075263562106,9.65777888067266,2,0.952134499235502,5970.20430585818,11655.3570064837,-9.4,0
617,-2.791,-10.945,-2.18012734154304,-6.90190313990414,13.3656523818343,1,0.706289631937647,6068.29153589791,13659.6231900988,-5.4,0
618,-3.753,-9.86,-10.4653601051441,-22.0392729518938,-5.91539925314531,1,1.12844298948778,5034.86590118795,8857.65137875002,-7.0,1
619,-2.762,-10.86,0.030375616730116,-3.92922944442125,-12.8701311345836,1,1.13472269577133,5452.18672815683,6610.38986739101,-9.6,0
620,-2.939,-11.223,-7.07063088238094,6.43598707066955,-12.82789335533,1,1.15334875809636,4703.64544023364,8863.7781664855,-10.2,0
621,-4.12,-9.424,-8.95127230374879,32.5970184678097,-25.237772664893,3,0.984048674179164,5473.8757918056,7892.12300768013,-11.9,1
622,-2.333,-10.762,-4.93759022853545,-3.60327002742762,-9.04647591353676,1,1.12842241376946,4596.64192851893,8269.85864157343,-6.8,0
623,-4.024,-9.617,-7.85756733642214,-34.0214731658876,10.4013591076208,1,1.24984791845546,5321.35887704818,8601.86933649235,-9.9,1
624,-3.855,-9.837,-9.99615063393725,-24.5126686753757,-9.37584456390956,1,1.09126543308433,5724.37493177478,6851.19398082653,-10.0,1
626,-2.653,-10.86,-4.45899005435853,-5.52296484730972,10.9893269664303,3,0.827649671898024,5563.5373393756,13192.7756909694,-9.4,0
627,-2.463,-10.9,-4.54781000345695,-3.64999006727752,9.01613872918427,2,1.13340456025687,5431.43689661855,6596.64757086872,-5.4,0
628,-2.693,-11.145,-1.61966473246118,8.126144315552,-12.8683877262393,2,1.24247981742681,5177.93043579019,7578.43210730898,-9.7,0
629,-2.791,-11.191,-3.51442759284378,8.56592665261727,-12.0510582123527,2,0.880143992376861,5252.94124066778,8059.97842859785,-8.9,0
630,-3.976,-9.474,-9.70293360691688,-30.2739796206264,18.4448924510643,1,1.10334032790796,3284.72048106529,25009.1099573347,-10.0,1
631,-2.378,-9.499,7.11029176575658,19.1135202777782,1.16731772487462,1,1.000438848586,4253.5934206418,8113.32010886626,-10.0,0
635,-3.817,-11.605,-0.047107139103869,-3.70835630662291,6.75565167614196,2,1.07943432791832,5332.54980489122,7572.10334732575,-9.0,0
636,-2.665,-10.595,3.93693560182079,-10.5230746580863,14.655832395548,1,1.49821412246292,5796.89320828947,6525.16275999885,-9.9,0
637,-3.91,-9.452,4.66472301355989,-23.1742279711989,27.9019541042942,2,0.866282073350813,5527.6647417356,7481.4280408401,-10.5,1
639,-2.19,-10.351,2.07533574568187,13.3580573601015,-7.13717607263486,2,1.22141524142161,4982.0397050646,7709.34010373959,-4.2,0
641,-2.94,-11.179,0.17059078154488,8.24955266942652,-11.9213299702985,1,1.00303696615572,4642.35424421173,7767.37701519415,-9.9,0
642,-4.03,-9.659,5.28038249932719,-33.8412818159957,22.7398310888059,2,1.34731705551463,4607.17841908342,8733.3779604694,-11.4,1
644,-3.87,-11.554,-0.10619513764221,-3.75671585266168,-6.93667385387006,1,1.31021891337077,5882.93907252467,6880.8704023549,-11.1,0
645,-2.245,-10.517,1.52780337528779,-13.2430210673593,2.37822267383371,1,1.08388005632534,5380.22408368044,6839.88936222132,-9.4,0
647,-2.788,-11.086,1.75362821402317,-6.25163460238987,9.99752271653277,0,1.11991354918489,5115.87521137765,7472.30652955101,-8.4,0
648,-3.796,-10.792,11.616320142807,23.4365649870015,13.6747802019785,2,1.03667817354638,6447.42016288141,12163.3015764009,-8.1,0
650,-3.687,-9.857,12.454492553823,17.554164503155,-18.8811881535331,0,1.05837418530096,4380.35513456486,8462.39510271438,-5.4,1
651,-2.937,-11.094,3.86058561121636,3.04091836244307,-8.29614094297775,3,1.19792154382562,4962.97689439475,7235.07667331425,-10.0,0
652,-4.054,-9.611,6.81430894469448,-30.5655960225096,23.333521282522,1,0.948507702477151,4867.20528342051,11624.4586493325,-10.7,1
653,-2.528,-9.938,-0.210349567382562,-23.1372269407758,7.23590374437574,2,0.83851597073174,5549.11572698352,12163.5295845579,-10.0,0
654,-3.737,-9.519,19.190101829109,-12.2812735882635,20.6479388375571,3,0.898764792633582,5444.28136247185,12736.190569824,-9.0,1
655,-2.798,-11.16,3.61476693353947,-1.99250055956755,-8.07421611789589,1,1.25057905787408,5144.45853335607,7394.07474207973,-7.9,0
656,-2.859,-11.103,1.67617713194057,2.97838605593095,-7.17268302273158,2,0.884436978020311,5683.97481212714,8144.40529576315,-10.1,0
657,-3.101,-11.344,6.13095828827914,12.22710487788,-12.8639104380858,1,0.832084426897123,5592.53201675956,11708.0880306531,-10.0,0
659,-3.976,-9.763,-16.8885597425763,30.5620298493492,-17.7523210143488,2,0.848264009415727,5891.08975165885,12577.6912741486,-11.5,1
660,-2.403,-10.269,-15.6234454727766,-2.6707676128598,13.3872999397057,0,1.17384439077407,4982.63009297159,7507.3074012113,-9.0,0
661,-4.136,-9.414,3.0372689697329,-31.7315158244548,-30.1839491417035,0,0.93621175052354,4649.23364649892,7843.67392174878,-10.0,1
662,-3.565,-11.776,-0.925898735985946,-2.1995688125017,-6.293086803898,1,1.35976771159378,3673.96713193128,18822.9443334888,-10.2,0
663,-4.044,-9.508,-0.586121169864473,-33.2249171445668,-21.1060820828603,1,0.920926801587376,4924.30423484038,8316.93093110799,-8.4,1
665,-4.023,-9.524,2.09552284027311,-33.7984512832468,-19.4287670903357,3,1.38441077137785,5811.21873222412,7176.78589972697,-10.0,1
666,-4.134,-9.47,3.91889977105433,-35.2569026640411,22.8227924328352,1,1.07381264904409,3824.00217557197,23122.9753752972,-4.8,1
667,-2.823,-10.825,6.60215165440525,10.0095325147322,11.2764413689742,1,0.998649167049351,5455.73244446771,7249.8494190167,-10.1,0
668,-4.022,-9.548,-10.7720934330781,34.6775381234542,-21.5064954731954,2,1.22099707536137,5447.14671247525,7599.18749592096,-10.0,1
669,-3.477,-9.845,-12.6203969672437,-12.0628800849256,-18.9420756885158,2,1.2619280217594,5423.92238172635,12941.1677829255,-7.8,1
670,-2.419,-10.067,-1.69216246025426,22.3785554658446,1.89127576294438,3,0.883929924192772,5704.30545077232,10999.3089284959,-9.9,0
671,-4.005,-9.623,-12.9566667215946,30.6144246005922,-12.2686457767462,2,1.08844673787232,5428.83795508254,10634.0583760766,-7.7,1
672,-3.987,-9.469,9.55874372049237,-32.7236190489112,14.4108821981117,2,1.00064082639444,4286.51108074573,7920.90726279546,-6.6,1
674,-4.024,-9.481,-12.6270208629295,31.0617764833753,-22.6915881921849,2,1.02620542952766,5199.72778306547,6914.66235383488,-9.6,1
675,-3.925,-9.135,3.76667209807253,-31.5340659929414,14.9291933119392,1,0.975424872562842,5004.09869660812,7249.92427745254,-11.3,1
676,-2.639,-11.031,3.64083273402886,-0.156163021645862,8.7937947391743,0,1.03096532941689,4559.3010730692,8023.2164900354,-11.5,0
677,-3.814,-9.923,-19.1126164228863,-18.6769171075647,-5.75893607920296,2,1.15090756837214,4558.20323629139,7980.85776741172,-9.8,1
678,-2.667,-11.326,-10.2977645037159,-7.58427776561192,11.361343783958,1,0.988306999912277,3297.09607915156,21939.6147654856,-9.2,0
679,-4.07,-9.739,-3.36149025502852,35.2073059758808,-23.7936822357102,2,0.924828436853328,5697.55601531436,11781.4980263587,-9.4,1
681,-4.105,-10.322,-3.15721903353612,28.291350594392,-30.0429060353418,3,1.02849371446055,5227.50264630216,8551.34487486327,-7.9,1
682,-4.004,-9.606,-1.53702113086899,27.0695210362221,30.7377102472711,2,1.19140833436716,5432.38044747606,8139.21109985772,-8.2,1
683,-3.575,-9.785,14.0054742138929,6.10532588737075,-19.3451888685256,2,1.04342437470135,5175.36816440614,8216.37697697775,-8.7,1
684,-3.997,-9.733,6.23106852745078,-36.6602796014201,10.4914909699091,2,1.00127192159803,4272.67566144608,9036.3172559036,-9.8,1
685,-4.009,-9.628,-14.3576737533134,29.8891616625264,18.5951094201476,3,0.786727334298155,6180.2726739317,12314.588336168,-8.4,1
686,-4.004,-9.571,-19.3704266438357,27.650435077868,-20.7273795768842,3,1.07466560647171,5415.45404589589,6057.20557807989,-7.0,1
687,-3.998,-9.686,-14.9856214839115,-32.8730317122706,13.2769376958267,2,1.20475544972552,4968.49104117476,7700.94621154044,-7.4,1
688,-3.958,-9.546,12.9309618616315,-32.266387590123,14.9182665605356,2,0.977160453236953,5067.6221679716,8366.57295283792,-10.2,1
690,-4.025,-9.501,-12.3367007376076,26.6386593739362,-20.8993573360044,0,1.26443386721307,4998.67986649008,8335.15052999212,-10.3,1
692,-4.11,-9.487,-7.00630076619846,33.2998847708021,23.5732299761074,1,1.13259117192354,2859.63561314486,20009.0098190583,-11.7,1
693,-3.867,-9.559,9.51104959377927,-20.9287501607185,-22.9296316880527,1,1.02462033296924,4938.75947341728,8280.81943808433,-11.3,1
694,-2.556,-11.094,0.348687089202378,7.94476006355533,4.66766569003536,2,1.36655129241612,5285.58178172935,7012.80005940198,-11.9,0
695,-4.005,-9.516,18.3399050219939,-28.218773288965,-21.9782677404351,1,0.937631908061339,4194.38136021949,8193.76385349825,-9.6,1
697,-2.777,-11.128,-6.35514398716637,10.9903182347499,10.6778676398028,2,1.20486748046467,5186.5453228675,8233.51095487929,-8.0,0
698,-2.397,-10.267,15.3712153621764,0.617629517371808,-13.825828168374,0,1.05446722052115,4363.25673057771,8437.84326493191,-8.4,0
701,-2.388,-9.975,-4.14210975316881,-20.9663659537539,-4.44126647994467,2,1.14363498815777,4800.62362309082,7932.10276029322,-8.9,0
702,-4.048,-9.541,-6.33075776667798,28.1648031924945,-28.6709037647471,2,0.968413527607926,4513.79618848325,9060.71669663943,-9.6,1
704,-2.523,-10.99,9.13281579255392,-1.10961977869882,-9.91695052689487,2,1.48489769510499,5507.17624724678,8058.95039338772,-10.7,0
705,-4.037,-9.552,5.57115296359517,30.3932458971413,26.0396165517152,2,1.1828569800126,5138.57327063192,7228.18637182839,-7.2,1
706,-2.712,-10.971,5.59039006864504,-8.69408926004969,5.16285487681474,1,0.98762174009898,4900.74333896806,7772.57248755227,-9.4,0
707,-2.603,-10.838,-2.82666512224113,-1.69415401514535,15.5515113309112,2,1.20721703750867,5749.52477427262,7509.10561742769,-7.4,0
708,-2.532,-10.937,-3.0218557302179,-8.63347672497565,12.1240209598459,3,0.828859134599789,5348.69497453124,7917.1601955726,-8.8,0
709,-2.783,-10.89,-2.39742731146257,3.65182472328929,-13.8087451000125,1,0.869287548803409,5625.82715856852,10762.0399295562,-10.3,0
710,-2.596,-9.917,3.15338154533673,19.0230960242066,1.37057614484614,1,0.99611316957203,4745.54602909967,8332.19594006489,-9.7,0
712,-2.964,-11.41,-8.58718610246054,8.441698891776,-6.94448663078628,1,1.03029554851802,4181.97288265517,8561.43491071238,-6.6,0
713,-2.432,-10.263,7.08008728543915,-20.2038463263847,2.61376801180204,2,1.30560973742397,4954.17987859786,6453.64766628087,-10.3,0
714,-3.961,-9.521,10.8753821817901,33.431080136963,-12.8817698340295,2,1.05902999516953,3606.90971011747,19947.0645819585,-9.7,1
715,-4.075,-9.582,-14.4303840935949,-32.7458480761383,4.43154097730142,2,1.0453233397093,5138.15050088794,13227.146074566,-10.2,1
719,-2.426,-10.879,0.829326300826981,4.36671167299635,-11.173188787491,1,1.50950423109053,5132.29641470959,7488.13042338711,-9.8,0
